,User_id,gender,age,country,registered
0,user_000001,m,,Japan,"Aug 13, 2006"
1,user_000002,f,,Peru,"Feb 24, 2006"
2,user_000003,m,22.0,United States,"Oct 30, 2005"
3,user_000004,f,,,"Apr 26, 2006"
4,user_000005,m,,Bulgaria,"Jun 29, 2006"
5,user_000006,,24.0,Russian Federation,"May 18, 2006"
6,user_000007,f,,United States,"Jan 22, 2006"
7,user_000008,m,23.0,Slovakia,"Sep 28, 2006"
8,user_000009,f,19.0,United States,"Jan 13, 2007"
9,user_000010,m,19.0,Poland,"May 4, 2006"
10,user_000011,m,21.0,Finland,"Sep 8, 2005"
11,user_000012,f,28.0,United States,"Mar 30, 2005"
12,user_000013,f,25.0,Romania,"Sep 25, 2006"
13,user_000014,,,,"Jan 27, 2006"
14,user_000015,,21.0,Cote D'Ivoire,"Oct 3, 2006"
15,user_000016,m,,United Kingdom,"Aug 5, 2005"
16,user_000017,m,22.0,Morocco,"Aug 27, 2007"
17,user_000018,,22.0,United Kingdom,"Aug 26, 2005"
18,user_000019,f,29.0,Mexico,"Nov 10, 2005"
19,user_000020,f,27.0,Germany,"Jul 24, 2006"
20,user_000021,m,27.0,Canada,"Mar 16, 2005"
21,user_000022,m,38.0,United Kingdom,"May 14, 2006"
22,user_000023,f,,Germany,"Aug 15, 2006"
23,user_000024,f,25.0,United States,"Oct 3, 2004"
24,user_000025,,19.0,Sweden,"Nov 10, 2005"
25,user_000026,m,22.0,Turkey,"Dec 21, 2005"
26,user_000027,m,24.0,United States,"Jul 25, 2005"
27,user_000028,m,20.0,United Kingdom,"Nov 19, 2005"
28,user_000029,m,,United States,"Feb 13, 2006"
29,user_000030,,,,
30,user_000031,,38.0,United States,"Aug 3, 2006"
31,user_000032,m,23.0,Italy,"Feb 28, 2005"
32,user_000033,f,20.0,Poland,"Dec 23, 2005"
33,user_000034,f,35.0,Brazil,"Sep 15, 2005"
34,user_000035,m,22.0,Australia,"Mar 7, 2005"
35,user_000036,f,21.0,Mexico,"Feb 19, 2007"
36,user_000037,m,,United States,"Aug 13, 2007"
37,user_000038,m,29.0,Russian Federation,"Jul 6, 2006"
38,user_000039,m,21.0,United Kingdom,"Jun 4, 2006"
39,user_000040,f,21.0,Germany,"Apr 21, 2006"
40,user_000041,m,30.0,Sweden,"Jun 14, 2005"
41,user_000042,f,24.0,United States,"Dec 29, 2005"
42,user_000043,f,26.0,United States,"Mar 18, 2006"
43,user_000044,f,21.0,Italy,"Feb 27, 2007"
44,user_000045,m,29.0,Chile,"Jul 9, 2006"
45,user_000046,m,24.0,Greece,"Apr 23, 2007"
46,user_000047,f,19.0,Croatia,"Aug 26, 2006"
47,user_000048,m,33.0,Italy,"Dec 29, 2006"
48,user_000049,,,,"Jan 11, 2006"
49,user_000050,f,24.0,United Kingdom,"Feb 10, 2006"
50,user_000051,f,25.0,Brazil,"Aug 10, 2006"
51,user_000052,m,20.0,Russian Federation,"Oct 16, 2006"
52,user_000053,m,29.0,Germany,"Nov 30, 2005"
53,user_000054,m,28.0,Brazil,"Nov 30, 2004"
54,user_000055,m,21.0,Serbia,"Aug 6, 2006"
55,user_000056,m,22.0,United States,"Jan 15, 2006"
56,user_000057,m,17.0,United Kingdom,"Aug 27, 2006"
57,user_000058,f,24.0,Poland,"Feb 28, 2006"
58,user_000059,f,24.0,United States,"Sep 9, 2005"
59,user_000060,f,22.0,United States,"Oct 11, 2005"
60,user_000061,,,,"Apr 29, 2007"
61,user_000062,,26.0,Turkey,"Mar 11, 2005"
62,user_000063,f,22.0,Poland,"Sep 25, 2005"
63,user_000064,m,21.0,Finland,"Dec 19, 2005"
64,user_000065,m,35.0,United States,"Oct 23, 2005"
65,user_000066,f,20.0,United States,"May 9, 2006"
66,user_000067,m,36.0,Canada,"Mar 8, 2005"
67,user_000068,,,,"Oct 16, 2009"
68,user_000069,m,23.0,United States,"Jul 13, 2005"
69,user_000070,f,,Sweden,"Dec 8, 2005"
70,user_000071,m,7.0,Netherlands,"Dec 13, 2005"
71,user_000072,f,25.0,Armenia,"Nov 22, 2006"
72,user_000073,m,34.0,United Kingdom,"May 31, 2007"
73,user_000074,m,35.0,Turkey,"Jun 9, 2005"
74,user_000075,f,20.0,Romania,"Jun 4, 2006"
75,user_000076,m,38.0,Germany,"Nov 26, 2005"
76,user_000077,,,,"Apr 24, 2006"
77,user_000078,f,27.0,Poland,"Oct 10, 2005"
78,user_000079,f,,United States,"Apr 2, 2006"
79,user_000080,,,,"Aug 28, 2006"
80,user_000081,f,34.0,United States,"Jul 18, 2006"
81,user_000082,f,20.0,Poland,"Jan 29, 2006"
82,user_000083,f,19.0,Bulgaria,"May 24, 2007"
83,user_000084,m,18.0,Venezuela,"Dec 4, 2005"
84,user_000085,f,18.0,Croatia,"May 14, 2007"
85,user_000086,f,27.0,,"Sep 21, 2007"
86,user_000087,f,18.0,Poland,"Oct 5, 2006"
87,user_000088,m,25.0,Turkey,"Mar 13, 2005"
88,user_000089,f,27.0,United States,"Dec 25, 2005"
89,user_000090,m,20.0,Sweden,"Aug 20, 2005"
90,user_000091,f,27.0,United Kingdom,"Mar 18, 2007"
91,user_000092,m,30.0,Turkey,"Nov 10, 2005"
92,user_000093,m,20.0,United Kingdom,"Dec 6, 2005"
93,user_000094,m,22.0,Poland,"Mar 2, 2007"
94,user_000095,f,4.0,,"Jan 27, 2006"
95,user_000096,f,25.0,Finland,"Feb 20, 2006"
96,user_000097,m,,United Kingdom,"Apr 6, 2005"
97,user_000098,f,,New Zealand,"Feb 3, 2007"
98,user_000099,f,22.0,Brazil,"Jun 17, 2006"
99,user_000100,m,21.0,United Kingdom,"Jun 4, 2007"
100,user_000101,m,29.0,United Kingdom,"Oct 6, 2006"
101,user_000102,m,,United States,"Dec 27, 2006"
102,user_000103,m,34.0,United Kingdom,"Feb 12, 2006"
103,user_000104,,,Norway,"Apr 24, 2005"
104,user_000105,m,23.0,Turkey,"Mar 24, 2006"
105,user_000106,f,31.0,New Zealand,"Nov 22, 2006"
106,user_000107,m,15.0,Poland,"Feb 1, 2006"
107,user_000108,m,23.0,Latvia,"Feb 23, 2006"
108,user_000109,m,18.0,Canada,"Mar 22, 2006"
109,user_000110,m,22.0,Poland,"Apr 30, 2007"
110,user_000111,f,22.0,Sweden,"Feb 17, 2006"
111,user_000112,f,30.0,Turkey,"Mar 25, 2006"
112,user_000113,f,22.0,Italy,"Mar 19, 2006"
113,user_000114,f,28.0,Turkey,"Jan 28, 2007"
114,user_000115,f,,Italy,"Jan 14, 2006"
115,user_000116,f,24.0,Spain,"Dec 9, 2006"
116,user_000117,m,21.0,United Kingdom,"Aug 27, 2005"
117,user_000118,f,19.0,United States,"Apr 18, 2005"
118,user_000119,f,21.0,Finland,"Dec 23, 2005"
119,user_000120,f,23.0,United States,"Mar 7, 2005"
120,user_000121,f,,United Kingdom,"Oct 14, 2005"
121,user_000122,f,22.0,United States,"Apr 23, 2006"
122,user_000123,m,26.0,United States,"Feb 5, 2006"
123,user_000124,m,36.0,United States,"Jul 24, 2005"
124,user_000125,f,20.0,Canada,"Jun 12, 2005"
125,user_000126,f,,,"Aug 3, 2006"
126,user_000127,m,19.0,Estonia,"Mar 3, 2006"
127,user_000128,m,23.0,United States,"Feb 5, 2006"
128,user_000129,,,,
129,user_000130,f,21.0,United States,"Nov 15, 2006"
130,user_000131,f,21.0,United States Minor Outlying Islands,"Feb 18, 2006"
131,user_000132,m,28.0,Norway,"Aug 20, 2005"
132,user_000133,,,,"Jul 6, 2005"
133,user_000134,m,30.0,Chile,"Oct 17, 2005"
134,user_000135,m,,Czech Republic,"Aug 30, 2006"
135,user_000136,,26.0,United States,"Aug 20, 2005"
136,user_000137,m,19.0,Chile,"Dec 1, 2006"
137,user_000138,m,22.0,United States,"Dec 19, 2004"
138,user_000139,m,,Antarctica,"Oct 4, 2005"
139,user_000140,m,33.0,United Kingdom,"Mar 25, 2003"
140,user_000141,f,21.0,Trinidad and Tobago,"Dec 19, 2005"
141,user_000142,,,Norway,"Oct 14, 2004"
142,user_000143,m,21.0,Mexico,"Feb 23, 2006"
143,user_000144,f,19.0,Norway,"Jan 24, 2005"
144,user_000145,m,,United States,"May 21, 2007"
145,user_000146,,,,"Apr 4, 2007"
146,user_000147,m,,United States,"Dec 29, 2005"
147,user_000148,f,25.0,United States,"May 2, 2006"
148,user_000149,m,26.0,United States,"Feb 2, 2006"
149,user_000150,f,24.0,Canada,"May 1, 2006"
150,user_000151,m,23.0,Norway,"Mar 25, 2006"
151,user_000152,m,26.0,Finland,"Oct 18, 2004"
152,user_000153,m,33.0,,"Jan 24, 2005"
153,user_000154,f,,Norway,"Mar 17, 2006"
154,user_000155,m,,Venezuela,"Jul 11, 2006"
155,user_000156,m,23.0,Portugal,"Feb 15, 2006"
156,user_000157,m,19.0,United States,"Dec 27, 2005"
157,user_000158,f,,United States,"Mar 23, 2006"
158,user_000159,m,20.0,United Kingdom,"Jun 20, 2005"
159,user_000160,m,19.0,United Kingdom,"Jun 23, 2006"
160,user_000161,,26.0,Netherlands,"May 25, 2005"
161,user_000162,f,48.0,Switzerland,"Jan 3, 2005"
162,user_000163,m,24.0,Spain,"Nov 4, 2006"
163,user_000164,f,32.0,United States,"Jun 16, 2006"
164,user_000165,f,28.0,Norway,"Nov 9, 2005"
165,user_000166,f,22.0,Greece,"Sep 4, 2006"
166,user_000167,m,28.0,Australia,"Dec 5, 2005"
167,user_000168,m,32.0,United Kingdom,"Apr 18, 2004"
168,user_000169,m,17.0,Canada,"Jun 20, 2006"
169,user_000170,f,29.0,Canada,"Apr 27, 2005"
170,user_000171,,,,"Oct 29, 2002"
171,user_000172,m,32.0,United States,"May 19, 2006"
172,user_000173,f,21.0,Italy,"Mar 6, 2006"
173,user_000174,,,,
174,user_000175,f,28.0,United Kingdom,"Jun 7, 2006"
175,user_000176,f,24.0,Nicaragua,"Jun 18, 2006"
176,user_000177,m,42.0,Brazil,"May 25, 2007"
177,user_000178,m,,United Kingdom,"Jun 8, 2005"
178,user_000179,m,28.0,United Kingdom,"Feb 22, 2005"
179,user_000180,m,20.0,Ireland,"Oct 26, 2005"
180,user_000181,f,19.0,United States,"Dec 3, 2005"
181,user_000182,f,22.0,Belgium,"Jul 12, 2005"
182,user_000183,m,,,"Dec 29, 2006"
183,user_000184,f,23.0,Canada,"Jun 3, 2006"
184,user_000185,m,35.0,United Kingdom,"Mar 10, 2005"
185,user_000186,f,,Australia,"Aug 9, 2006"
186,user_000187,m,18.0,United Kingdom,"May 2, 2006"
187,user_000188,m,23.0,Finland,"May 27, 2005"
188,user_000189,m,22.0,United States,"Sep 10, 2004"
189,user_000190,m,26.0,Italy,"Feb 6, 2006"
190,user_000191,m,,United States,"Jun 7, 2006"
191,user_000192,f,,Germany,"Aug 11, 2007"
192,user_000193,m,30.0,Peru,"Oct 27, 2005"
193,user_000194,f,,Canada,"Oct 8, 2005"
194,user_000195,m,17.0,Poland,"Jul 14, 2006"
195,user_000196,m,22.0,Switzerland,"Dec 27, 2004"
196,user_000197,f,34.0,Sweden,"Apr 18, 2006"
197,user_000198,f,28.0,Poland,"Jul 17, 2007"
198,user_000199,m,22.0,United States,"Mar 13, 2006"
199,user_000200,,,,"Oct 20, 2006"
200,user_000201,m,21.0,Australia,"Oct 4, 2005"
201,user_000202,m,29.0,Netherlands,"Sep 17, 2006"
202,user_000203,f,,Brazil,"Mar 15, 2006"
203,user_000204,f,22.0,Turkey,"May 20, 2007"
204,user_000205,m,26.0,Mexico,"Aug 7, 2006"
205,user_000206,f,27.0,Turkey,"Sep 25, 2005"
206,user_000207,m,29.0,Portugal,"May 29, 2006"
207,user_000208,m,21.0,Switzerland,"Jun 17, 2006"
208,user_000209,f,27.0,Mexico,"Oct 12, 2006"
209,user_000210,m,42.0,United Kingdom,"Feb 12, 2004"
210,user_000211,m,24.0,Canada,"Aug 11, 2004"
211,user_000212,m,21.0,Romania,"Oct 2, 2006"
212,user_000213,f,55.0,United Kingdom,"May 26, 2005"
213,user_000214,,103.0,"Korea, Democratic People's Republic of","Feb 4, 2007"
214,user_000215,m,16.0,Australia,"Feb 22, 2006"
215,user_000216,f,,,"Jan 21, 2007"
216,user_000217,m,23.0,United States,"Aug 2, 2004"
217,user_000218,m,,Switzerland,"Sep 19, 2007"
218,user_000219,m,34.0,United States,"Nov 8, 2005"
219,user_000220,f,,,"Jul 27, 2006"
220,user_000221,m,21.0,United States,"Dec 19, 2006"
221,user_000222,f,23.0,Trinidad and Tobago,"Aug 10, 2005"
222,user_000223,m,27.0,Sweden,"Jan 31, 2006"
223,user_000224,f,,"Congo, the Democratic Republic of the","Jan 15, 2006"
224,user_000225,f,,Poland,"Apr 30, 2007"
225,user_000226,m,30.0,Serbia,"Nov 11, 2005"
226,user_000227,m,,Belgium,"Oct 7, 2006"
227,user_000228,m,22.0,Brazil,"Oct 26, 2005"
228,user_000229,,,,"Jan 5, 2005"
229,user_000230,f,18.0,Australia,"May 7, 2006"
230,user_000231,,,,"Aug 9, 2006"
231,user_000232,m,,Poland,"Aug 14, 2006"
232,user_000233,m,25.0,United States,"Jul 20, 2005"
233,user_000234,f,20.0,United States,"May 27, 2005"
234,user_000235,,29.0,United States,"Nov 28, 2004"
235,user_000236,f,23.0,United States,"Jul 12, 2005"
236,user_000237,f,19.0,United Kingdom,"Apr 8, 2006"
237,user_000238,f,22.0,Spain,"May 8, 2006"
238,user_000239,m,21.0,Czech Republic,"Dec 2, 2005"
239,user_000240,,,United Kingdom,"Apr 19, 2004"
240,user_000241,m,39.0,United Kingdom,"Mar 20, 2007"
241,user_000242,m,23.0,Spain,"Feb 7, 2006"
242,user_000243,f,23.0,Russian Federation,"Feb 17, 2007"
243,user_000244,m,32.0,United States,"Jun 5, 2005"
244,user_000245,m,,United Kingdom,"Jan 12, 2006"
245,user_000246,m,22.0,United Kingdom,"Sep 2, 2007"
246,user_000247,m,19.0,Finland,"Aug 11, 2006"
247,user_000248,m,26.0,United Kingdom,"Nov 4, 2003"
248,user_000249,m,25.0,United States,"Dec 16, 2005"
249,user_000250,m,21.0,Canada,"Jun 30, 2006"
250,user_000251,f,24.0,Poland,"May 1, 2006"
251,user_000252,m,31.0,Argentina,"Aug 25, 2004"
252,user_000253,f,22.0,United States,"Feb 26, 2006"
253,user_000254,f,20.0,Italy,"Sep 4, 2006"
254,user_000255,m,36.0,United States,"Dec 12, 2005"
255,user_000256,m,23.0,Germany,"Jan 21, 2007"
256,user_000257,f,18.0,United States,"May 26, 2007"
257,user_000258,f,75.0,United States,"Jun 21, 2006"
258,user_000259,f,21.0,Russian Federation,"Jun 24, 2006"
259,user_000260,m,31.0,Norway,"Apr 15, 2005"
260,user_000261,,20.0,Norway,"Jun 19, 2005"
261,user_000262,m,19.0,United States,"Dec 10, 2005"
262,user_000263,f,29.0,United Kingdom,"Aug 14, 2006"
263,user_000264,m,25.0,France,"Jun 1, 2005"
264,user_000265,f,21.0,Poland,"Jul 4, 2007"
265,user_000266,f,28.0,United Kingdom,"Aug 18, 2005"
266,user_000267,m,30.0,British Indian Ocean Territory,"Oct 11, 2005"
267,user_000268,m,29.0,United Kingdom,"Mar 28, 2006"
268,user_000269,f,28.0,Spain,"Sep 17, 2005"
269,user_000270,f,20.0,United States,"Jan 3, 2006"
270,user_000271,m,21.0,Sweden,"Dec 11, 2005"
271,user_000272,,,United States,"May 29, 2007"
272,user_000273,f,19.0,United States,"Mar 23, 2005"
273,user_000274,m,,Mexico,"Feb 12, 2006"
274,user_000275,f,,Spain,"Jul 1, 2007"
275,user_000276,m,25.0,Hungary,"Dec 2, 2005"
276,user_000277,f,25.0,New Zealand,"Dec 4, 2005"
277,user_000278,f,20.0,United States,"Jul 30, 2005"
278,user_000279,f,,United States,"Nov 5, 2005"
279,user_000280,,32.0,United Kingdom,"Sep 14, 2005"
280,user_000281,m,,Norway,"Apr 11, 2005"
281,user_000282,m,49.0,Sweden,"Mar 16, 2006"
282,user_000284,m,22.0,Turkey,"Jun 21, 2006"
283,user_000285,f,23.0,United States,"Dec 7, 2004"
284,user_000286,m,,United States,"Oct 18, 2004"
285,user_000288,m,,Netherlands,"Mar 22, 2006"
286,user_000289,f,20.0,Thailand,"Jul 31, 2007"
287,user_000290,m,,United States,"Aug 12, 2005"
288,user_000291,m,30.0,France,"Aug 9, 2006"
289,user_000292,f,19.0,Netherlands,"Jun 5, 2007"
290,user_000293,,39.0,United Kingdom,"Jan 31, 2005"
291,user_000294,f,22.0,Czech Republic,"Jan 14, 2006"
292,user_000295,f,21.0,Italy,"Jun 13, 2007"
293,user_000296,m,26.0,Poland,"Jan 29, 2006"
294,user_000297,f,21.0,Spain,"Jun 1, 2007"
295,user_000298,m,28.0,Argentina,"Jan 26, 2005"
296,user_000299,f,29.0,United States,"Jul 21, 2006"
297,user_000300,f,18.0,United States,"Nov 27, 2005"
298,user_000301,m,20.0,Netherlands,"Jun 3, 2006"
299,user_000302,m,24.0,,"Sep 10, 2005"
300,user_000303,f,22.0,Slovakia,"Mar 18, 2006"
301,user_000304,f,22.0,United Kingdom,"Feb 5, 2005"
302,user_000305,m,21.0,Sweden,"Apr 19, 2006"
303,user_000306,m,25.0,Turkey,"Jun 6, 2005"
304,user_000307,m,,,"Oct 16, 2006"
305,user_000308,f,21.0,Norway,"Mar 3, 2006"
306,user_000309,m,21.0,United States,"Nov 4, 2005"
307,user_000310,m,22.0,United States,"Jun 13, 2005"
308,user_000311,m,23.0,Canada,"Apr 18, 2005"
309,user_000312,m,40.0,France,"Apr 13, 2006"
310,user_000313,m,33.0,United States,"Jul 30, 2005"
311,user_000314,m,21.0,United States,"Dec 19, 2006"
312,user_000315,,,,"Feb 9, 2007"
313,user_000316,m,20.0,Belgium,"Jun 25, 2006"
314,user_000317,m,34.0,Hungary,"Jan 19, 2007"
315,user_000318,m,26.0,Sweden,"Jul 2, 2006"
316,user_000319,f,21.0,Brazil,"May 22, 2005"
317,user_000320,m,27.0,France,"Jan 10, 2007"
318,user_000321,f,18.0,Poland,"Aug 15, 2006"
319,user_000322,m,38.0,United Kingdom,"Oct 1, 2006"
320,user_000323,f,24.0,United States,"Aug 21, 2005"
321,user_000324,m,28.0,Canada,"Jun 7, 2007"
322,user_000325,f,21.0,Finland,"Oct 26, 2005"
323,user_000326,m,33.0,Turkey,"Nov 8, 2005"
324,user_000327,f,19.0,United Kingdom,"May 7, 2006"
325,user_000328,m,3.0,United States,"Apr 24, 2006"
326,user_000329,m,21.0,Belgium,"Nov 16, 2006"
327,user_000330,f,21.0,,"Jun 1, 2006"
328,user_000331,m,35.0,United Kingdom,"May 31, 2005"
329,user_000332,m,36.0,United States,"Jan 23, 2007"
330,user_000333,,,,"Aug 30, 2006"
331,user_000334,m,26.0,United Kingdom,"Feb 22, 2005"
332,user_000335,m,,Italy,"Mar 21, 2006"
333,user_000336,f,18.0,United States,"Jun 12, 2006"
334,user_000337,f,31.0,United States,"Aug 2, 2005"
335,user_000338,f,28.0,Poland,"Apr 16, 2005"
336,user_000339,m,32.0,Norway,"Jan 13, 2005"
337,user_000340,m,22.0,Brazil,"Apr 16, 2007"
338,user_000341,,,,"Jun 4, 2009"
339,user_000342,,,Venezuela,"Aug 7, 2006"
340,user_000343,f,26.0,,"Jun 1, 2006"
341,user_000344,m,25.0,Turkey,"Dec 6, 2005"
342,user_000345,f,,United States,"May 29, 2005"
343,user_000346,f,17.0,Croatia,"Apr 30, 2007"
344,user_000347,m,,,"Nov 24, 2006"
345,user_000348,m,24.0,Finland,"Jan 4, 2005"
346,user_000349,m,23.0,Brazil,"Jul 1, 2005"
347,user_000350,m,21.0,Poland,"Dec 16, 2005"
348,user_000351,m,24.0,Norway,"Dec 7, 2006"
349,user_000352,,33.0,Norway,"Dec 16, 2004"
350,user_000353,,,,
351,user_000354,m,34.0,United Kingdom,"Dec 22, 2004"
352,user_000355,m,29.0,Argentina,"Jun 2, 2006"
353,user_000356,m,27.0,Turkey,"Jun 6, 2005"
354,user_000357,f,,United States,"Aug 17, 2005"
355,user_000358,f,,Macedonia,"Jul 23, 2006"
356,user_000359,m,31.0,United States,"Aug 21, 2005"
357,user_000360,,22.0,Sweden,"Mar 10, 2005"
358,user_000361,f,26.0,Poland,"Jan 16, 2007"
359,user_000362,m,,Germany,"Aug 1, 2006"
360,user_000363,,,Slovenia,"May 21, 2007"
361,user_000364,f,29.0,Norway,"Mar 16, 2006"
362,user_000366,m,24.0,Finland,"Dec 12, 2004"
363,user_000367,,,,"Jan 6, 2006"
364,user_000368,m,,United Kingdom,"Nov 4, 2003"
365,user_000369,f,,Australia,"May 1, 2004"
366,user_000370,m,,Germany,"May 6, 2006"
367,user_000371,m,,Algeria,"Jul 13, 2005"
368,user_000372,m,,Singapore,"Jan 4, 2007"
369,user_000373,m,,Canada,"Apr 5, 2006"
370,user_000374,f,,Norway,"Mar 8, 2006"
371,user_000375,,,United Kingdom,"Sep 21, 2005"
372,user_000376,f,,Germany,"Aug 13, 2005"
373,user_000377,m,,Portugal,"Dec 6, 2005"
374,user_000378,m,,United Kingdom,"Oct 5, 2005"
375,user_000379,m,,United Kingdom,"Feb 2, 2005"
376,user_000380,,,Sweden,"Jun 20, 2005"
377,user_000381,m,,Turkey,"Sep 24, 2005"
378,user_000382,m,,United States,"Mar 19, 2005"
379,user_000383,,,Zimbabwe,"Aug 31, 2006"
380,user_000384,m,,United Kingdom,"Sep 28, 2004"
381,user_000385,m,,Latvia,"Apr 28, 2006"
382,user_000386,f,,Poland,"Jun 7, 2006"
383,user_000387,m,,United Kingdom,"Jul 21, 2005"
384,user_000388,m,,United States,"Feb 19, 2006"
385,user_000389,f,,United States,"Oct 20, 2005"
386,user_000390,,,,"Oct 1, 2005"
387,user_000391,f,,Germany,"Oct 22, 2004"
388,user_000392,m,,Spain,"Jun 8, 2006"
389,user_000393,m,,United States,"Feb 7, 2007"
390,user_000394,m,,United States,"Jun 21, 2006"
391,user_000395,m,,Spain,"May 16, 2007"
392,user_000396,f,,Japan,"May 10, 2006"
393,user_000397,f,,United States,"Feb 16, 2006"
394,user_000398,m,,France,"Nov 21, 2006"
395,user_000399,m,,United Kingdom,"Sep 12, 2005"
396,user_000400,m,,United States,"Feb 26, 2006"
397,user_000401,m,,France,"May 10, 2006"
398,user_000402,f,,Serbia,"Jun 5, 2006"
399,user_000403,f,,United States,"May 17, 2006"
400,user_000404,m,,United States,"Apr 9, 2006"
401,user_000405,f,,Australia,"Sep 22, 2005"
402,user_000406,m,,France,"Feb 2, 2006"
403,user_000407,m,,United Kingdom,"Apr 26, 2004"
404,user_000408,m,,United States,"Jul 19, 2007"
405,user_000409,m,,Portugal,"Mar 8, 2006"
406,user_000410,m,,United States,"Feb 22, 2006"
407,user_000411,m,,Venezuela,"Aug 8, 2006"
408,user_000412,f,,United Kingdom,"Sep 30, 2005"
409,user_000413,f,,United States,"Sep 12, 2006"
410,user_000414,m,,United Kingdom,"Apr 5, 2004"
411,user_000415,m,,United Kingdom,"Aug 5, 2006"
412,user_000416,,,,"Feb 12, 2005"
413,user_000417,m,,United Kingdom,"Apr 30, 2006"
414,user_000418,m,,China,"Jan 13, 2007"
415,user_000419,f,,United Kingdom,"Nov 23, 2006"
416,user_000420,,,,"Aug 17, 2004"
417,user_000421,m,,United States,"Apr 22, 2006"
418,user_000422,f,,Finland,"Mar 23, 2006"
419,user_000423,,,Netherlands,"Apr 1, 2006"
420,user_000424,m,,Netherlands,"Oct 8, 2006"
421,user_000425,m,,Finland,"Jan 12, 2005"
422,user_000426,m,,Australia,"Jul 8, 2006"
423,user_000427,m,,United States,"Jan 4, 2004"
424,user_000429,,,Turkey,"Jan 15, 2006"
425,user_000430,,,,"May 18, 2006"
426,user_000431,m,,Poland,"Aug 28, 2006"
427,user_000432,m,,Spain,"Nov 26, 2006"
428,user_000433,f,,United States,"Jan 24, 2006"
429,user_000434,f,,United States,"Jun 16, 2006"
430,user_000435,f,,Poland,"Oct 18, 2007"
431,user_000436,f,,Poland,"Jan 19, 2006"
432,user_000437,f,,Russian Federation,"Jan 11, 2006"
433,user_000438,f,,United States,"Sep 17, 2006"
434,user_000439,f,,United Kingdom,"Sep 8, 2006"
435,user_000440,f,,Malta,"Feb 4, 2006"
436,user_000441,m,,United States,"Mar 16, 2005"
437,user_000442,f,,France,"Dec 24, 2005"
438,user_000443,f,,Canada,"Feb 8, 2006"
439,user_000444,f,,Germany,"Dec 12, 2005"
440,user_000445,,,Finland,"Dec 5, 2006"
441,user_000446,f,,United States,"Apr 21, 2005"
442,user_000447,,,,"Sep 5, 2007"
443,user_000448,f,,United Kingdom,"Feb 4, 2006"
444,user_000449,m,,United States,"Feb 11, 2007"
445,user_000450,m,,United States,"Dec 7, 2004"
446,user_000451,m,,United Kingdom,"Aug 30, 2004"
447,user_000452,,,,"Nov 11, 2005"
448,user_000453,m,,Finland,"Oct 17, 2005"
449,user_000454,f,,Poland,"Jul 18, 2007"
450,user_000455,m,,,"Sep 1, 2003"
451,user_000456,m,,Russian Federation,"Jul 27, 2006"
452,user_000457,m,,Brazil,"Jun 13, 2006"
453,user_000458,f,,Argentina,"Feb 1, 2006"
454,user_000459,,,Hungary,"Aug 14, 2004"
455,user_000460,f,,Canada,"Sep 27, 2005"
456,user_000461,m,,Germany,"Dec 16, 2005"
457,user_000462,f,,United States,"Feb 7, 2007"
458,user_000463,m,,United States,"Mar 19, 2006"
459,user_000464,f,,United States,"Apr 19, 2006"
460,user_000465,f,,Russian Federation,"Oct 24, 2006"
461,user_000467,f,,Germany,"Apr 29, 2006"
462,user_000468,m,,Brazil,"Sep 25, 2006"
463,user_000469,f,,Italy,"Sep 6, 2006"
464,user_000471,,,Poland,"Nov 17, 2006"
465,user_000472,f,,United Kingdom,"Mar 10, 2005"
466,user_000473,f,,Italy,"Apr 19, 2006"
467,user_000474,f,,,"May 23, 2007"
468,user_000475,f,,United States,"Nov 15, 2004"
469,user_000476,f,,Brazil,"Jun 2, 2006"
470,user_000477,m,,United States,"Feb 9, 2005"
471,user_000478,m,,United States,"Jan 4, 2006"
472,user_000479,m,,United States,"Feb 11, 2005"
473,user_000480,f,,United States,"Jul 20, 2005"
474,user_000481,m,,United States,"Aug 16, 2005"
475,user_000482,f,,Russian Federation,"Mar 12, 2006"
476,user_000483,,,United States,"May 23, 2005"
477,user_000484,m,,Italy,"Dec 20, 2006"
478,user_000485,m,,United Kingdom,"Aug 7, 2006"
479,user_000486,m,,United Kingdom,"Sep 6, 2005"
480,user_000487,m,,Netherlands,"Mar 8, 2006"
481,user_000488,m,,Peru,"Dec 19, 2006"
482,user_000489,m,,Germany,"Mar 25, 2006"
483,user_000490,m,,Italy,"May 23, 2006"
484,user_000491,f,,United States,"Jan 28, 2006"
485,user_000492,f,,Thailand,"Jul 4, 2007"
486,user_000493,m,,United States,"Dec 10, 2005"
487,user_000494,m,,United Kingdom,"Jun 16, 2006"
488,user_000495,m,,Australia,"Dec 4, 2004"
489,user_000496,m,,Romania,"Jul 26, 2005"
490,user_000497,f,,United States,"Feb 16, 2008"
491,user_000498,f,,Poland,"Jun 23, 2007"
492,user_000499,f,,,"Jul 5, 2006"
493,user_000500,,,United States,"Sep 23, 2007"
494,user_000501,f,,United States,"Mar 13, 2006"
495,user_000502,f,,United States,"Jan 22, 2006"
496,user_000503,f,,Austria,"Dec 3, 2005"
497,user_000504,,,United States,"Dec 3, 2004"
498,user_000505,f,,,"Nov 12, 2006"
499,user_000506,f,,,"Jan 9, 2006"
500,user_000507,m,,Italy,"Aug 17, 2006"
501,user_000508,m,,United Kingdom,"Oct 26, 2006"
502,user_000509,,,United Kingdom,"Sep 18, 2005"
503,user_000510,m,,Germany,"Mar 5, 2006"
504,user_000511,f,,United States,"Dec 14, 2005"
505,user_000512,f,,United Kingdom,"Feb 2, 2005"
506,user_000513,,,United Kingdom,"Jan 5, 2005"
507,user_000514,m,,United Kingdom,"Jul 12, 2005"
508,user_000515,m,,Netherlands,"Mar 30, 2006"
509,user_000516,m,,Austria,"Jul 25, 2007"
510,user_000517,f,,Italy,"Feb 24, 2006"
511,user_000518,f,,United Kingdom,"Feb 13, 2006"
512,user_000519,m,,France,"Nov 2, 2006"
513,user_000520,m,,Venezuela,"Aug 24, 2005"
514,user_000521,f,,Germany,"Jun 28, 2007"
515,user_000522,f,,Norway,"Nov 9, 2005"
516,user_000523,f,,Mexico,"Apr 29, 2007"
517,user_000524,f,,United Kingdom,"Jul 19, 2007"
518,user_000525,,,,"Dec 14, 2004"
519,user_000526,f,,United States,"Dec 3, 2005"
520,user_000527,f,,Chile,"Nov 1, 2006"
521,user_000528,f,,,"Apr 14, 2007"
522,user_000529,m,,United States,"May 5, 2006"
523,user_000530,m,,Russian Federation,"Aug 29, 2006"
524,user_000531,f,,Bulgaria,"Jul 6, 2006"
525,user_000532,m,,Netherlands,"Dec 1, 2006"
526,user_000533,m,27.0,Japan,"Nov 5, 2009"
527,user_000534,f,,Sweden,"Sep 7, 2004"
528,user_000535,m,,Turkey,"Dec 16, 2004"
529,user_000536,m,,Spain,"Jun 7, 2005"
530,user_000537,,,Poland,"Aug 8, 2007"
531,user_000538,f,,Portugal,"Apr 17, 2007"
532,user_000539,m,,Venezuela,"Aug 23, 2006"
533,user_000540,f,,Spain,"May 24, 2007"
534,user_000541,f,,United Kingdom,"Nov 15, 2006"
535,user_000542,f,,Mexico,"Jan 18, 2006"
536,user_000543,m,,United Kingdom,"Oct 28, 2004"
537,user_000544,f,,United States,"Jul 17, 2006"
538,user_000545,m,,Argentina,"Jun 13, 2006"
539,user_000546,f,,Germany,"Jul 24, 2006"
540,user_000547,m,,United States,"Jul 20, 2005"
541,user_000548,m,,United States,"Mar 30, 2007"
542,user_000549,m,,Australia,"Jan 28, 2006"
543,user_000550,m,,United Kingdom,"Jun 16, 2005"
544,user_000551,m,,Australia,"Apr 27, 2007"
545,user_000552,m,,Chile,"Dec 3, 2006"
546,user_000553,m,,Italy,"Aug 19, 2005"
547,user_000554,m,,United Kingdom,"Mar 16, 2006"
548,user_000555,f,,Spain,"Oct 14, 2005"
549,user_000556,,,Netherlands,"May 12, 2006"
550,user_000557,f,,United States,"Mar 6, 2005"
551,user_000558,f,,United States,"May 20, 2003"
552,user_000559,f,,United States,"Aug 24, 2006"
553,user_000560,f,,United States,"Nov 30, 2006"
554,user_000561,f,,,"Mar 18, 2006"
555,user_000562,m,,United Kingdom,"Dec 16, 2005"
556,user_000563,m,,Italy,"Dec 27, 2006"
557,user_000564,f,,United States,"Jan 17, 2006"
558,user_000565,f,,Germany,"Feb 18, 2006"
559,user_000566,f,,Netherlands Antilles,"Sep 26, 2006"
560,user_000567,f,,Germany,"Feb 9, 2007"
561,user_000568,m,,Canada,"Mar 3, 2006"
562,user_000569,f,,United States,"May 31, 2005"
563,user_000570,m,,Brazil,"Jun 27, 2005"
564,user_000571,m,,United States,"Jul 18, 2005"
565,user_000572,m,,Israel,"Oct 9, 2004"
566,user_000573,f,,Australia,"Jun 20, 2006"
567,user_000574,m,,Poland,"Feb 25, 2006"
568,user_000575,m,,United States,"Jul 30, 2004"
569,user_000576,m,,United States,"Nov 2, 2005"
570,user_000577,m,,Estonia,"Mar 11, 2006"
571,user_000578,m,,Germany,"Aug 27, 2003"
572,user_000579,f,,United Kingdom,"Sep 24, 2007"
573,user_000580,f,,United Kingdom,"Jul 26, 2005"
574,user_000581,m,,Turkey,"Dec 20, 2005"
575,user_000582,f,,France,"Mar 5, 2006"
576,user_000583,f,,Finland,"Feb 28, 2006"
577,user_000584,f,,Canada,"Apr 28, 2006"
578,user_000585,,,United Kingdom,"Apr 12, 2004"
579,user_000586,f,,United States,"May 30, 2006"
580,user_000587,m,,United Kingdom,"Jul 6, 2004"
581,user_000588,,,,
582,user_000589,f,,Russian Federation,"Mar 13, 2006"
583,user_000590,f,,Norway,"Mar 9, 2006"
584,user_000591,f,,Canada,"Sep 12, 2005"
585,user_000592,m,,United States,"May 24, 2007"
586,user_000593,f,,,"Jun 29, 2006"
587,user_000594,m,,Netherlands,"May 16, 2006"
588,user_000595,m,,Russian Federation,"Mar 27, 2007"
589,user_000596,m,,United States,"Feb 13, 2006"
590,user_000597,m,,,"Apr 20, 2006"
591,user_000598,f,,United States,"Mar 1, 2006"
592,user_000599,,,United Kingdom,"Apr 21, 2003"
593,user_000600,f,,United States,"Apr 28, 2006"
594,user_000601,m,,Poland,"Jun 7, 2007"
595,user_000602,m,,Canada,"Dec 4, 2005"
596,user_000603,m,,United Kingdom,"Feb 25, 2006"
597,user_000604,m,,Canada,"Aug 7, 2006"
598,user_000605,m,,United States,"Oct 10, 2005"
599,user_000606,f,,Bulgaria,"Jun 15, 2006"
600,user_000607,m,,Sweden,"Apr 29, 2006"
601,user_000608,f,,Poland,"May 21, 2005"
602,user_000609,m,,New Zealand,"Nov 5, 2006"
603,user_000610,m,,Bulgaria,"Jan 22, 2006"
604,user_000611,m,,Italy,"Jan 9, 2007"
605,user_000612,m,,Finland,"Mar 25, 2005"
606,user_000613,f,,Poland,"Jan 21, 2007"
607,user_000614,m,,Germany,"Dec 16, 2006"
608,user_000615,f,,Sweden,"Jan 10, 2005"
609,user_000616,f,,Slovenia,"May 31, 2006"
610,user_000617,m,,United Kingdom,"Mar 15, 2006"
611,user_000618,f,,United States,"Dec 19, 2006"
612,user_000619,,,United Kingdom,"May 1, 2004"
613,user_000620,f,,Finland,"Jan 7, 2005"
614,user_000621,f,,,"Aug 24, 2006"
615,user_000622,,,,"Jun 3, 2006"
616,user_000623,m,,Chile,"Dec 9, 2006"
617,user_000624,f,,Norway,"Mar 14, 2006"
618,user_000625,m,,Argentina,"Mar 4, 2006"
619,user_000626,f,,Spain,"Apr 16, 2006"
620,user_000627,f,,Russian Federation,"Aug 13, 2007"
621,user_000628,m,,Slovakia,"Apr 23, 2005"
622,user_000629,m,,Poland,"Jan 26, 2007"
623,user_000630,f,,United States,"May 22, 2005"
624,user_000631,m,,Finland,"Oct 14, 2005"
625,user_000632,m,,United Kingdom,"Feb 1, 2006"
626,user_000633,f,,,"Jan 17, 2006"
627,user_000634,f,,United States,"Aug 14, 2005"
628,user_000635,m,,Serbia,"Apr 11, 2005"
629,user_000636,f,,Bulgaria,"Jun 20, 2006"
630,user_000637,f,,Poland,"Feb 5, 2007"
631,user_000638,,,,"Dec 19, 2006"
632,user_000639,m,,Mexico,"Apr 27, 2005"
633,user_000640,f,,United States,"Apr 6, 2006"
634,user_000641,f,,Sweden,"Jan 13, 2006"
635,user_000642,f,,Canada,"Apr 1, 2006"
636,user_000643,m,,France,"Jul 15, 2006"
637,user_000644,f,,United States,"Sep 11, 2005"
638,user_000645,m,,Hungary,"Nov 12, 2006"
639,user_000646,m,,Peru,"Dec 15, 2006"
640,user_000647,m,,United States,"Mar 24, 2006"
641,user_000648,f,,Netherlands,"Oct 18, 2005"
642,user_000649,m,,United States,"Feb 8, 2007"
643,user_000650,m,,United States,"Dec 16, 2007"
644,user_000651,m,,United States,"Dec 17, 2007"
645,user_000652,m,,Germany,"Aug 18, 2007"
646,user_000653,m,,Brazil,"May 14, 2006"
647,user_000654,m,,Canada,"Feb 22, 2006"
648,user_000655,m,,Portugal,"Oct 9, 2006"
649,user_000656,f,,United States,"Jan 29, 2006"
650,user_000657,m,,Sweden,"Sep 30, 2005"
651,user_000658,f,,Latvia,"Apr 11, 2007"
652,user_000659,,,Belgium,"Jan 27, 2005"
653,user_000660,m,,Croatia,"Aug 12, 2007"
654,user_000661,m,,Netherlands,"Sep 25, 2006"
655,user_000662,f,,United States,"Jun 13, 2006"
656,user_000664,m,,Germany,"Aug 15, 2005"
657,user_000665,f,,Czech Republic,"Feb 28, 2006"
658,user_000666,m,,Poland,"May 24, 2005"
659,user_000667,f,,United Kingdom,"Mar 3, 2006"
660,user_000668,f,,United States,"Nov 26, 2005"
661,user_000669,m,,Colombia,"May 7, 2007"
662,user_000670,f,,Argentina,"Feb 19, 2006"
663,user_000671,m,,Czech Republic,"Jan 23, 2006"
664,user_000672,m,,United States,"Apr 10, 2006"
665,user_000673,m,,Mexico,"May 25, 2007"
666,user_000674,f,,Poland,"Jun 6, 2007"
667,user_000675,m,,Poland,"Jul 20, 2005"
668,user_000676,m,,Netherlands,"Nov 15, 2006"
669,user_000677,f,,Netherlands,"May 31, 2006"
670,user_000678,m,,United Kingdom,"Dec 9, 2003"
671,user_000679,f,,United States,"Apr 8, 2004"
672,user_000680,,,,"May 23, 2005"
673,user_000681,m,,United States,"Dec 20, 2004"
674,user_000682,f,,Norway,"Aug 20, 2006"
675,user_000683,f,,United Kingdom,"Apr 18, 2006"
676,user_000684,m,,Canada,"Jun 11, 2005"
677,user_000685,m,,Norway,"Oct 13, 2004"
678,user_000686,f,,United States,"Feb 23, 2007"
679,user_000687,f,,United Kingdom,"Mar 11, 2005"
680,user_000688,f,,United Kingdom,"Apr 17, 2007"
681,user_000689,m,,United Kingdom,"Oct 13, 2005"
682,user_000690,m,,United Kingdom,"Jun 25, 2007"
683,user_000691,m,,United States,"Jun 30, 2006"
684,user_000692,f,,Romania,"Jul 6, 2006"
685,user_000693,m,,United States,"Nov 21, 2005"
686,user_000694,m,,United Kingdom,"Jun 7, 2005"
687,user_000695,m,,Australia,"Aug 2, 2005"
688,user_000696,f,,Romania,"Aug 30, 2006"
689,user_000697,f,,United States,"May 8, 2006"
690,user_000698,,,,"Aug 13, 2005"
691,user_000699,,,Russian Federation,"Mar 3, 2007"
692,user_000700,m,,Belarus,"Feb 4, 2007"
693,user_000701,m,,United Kingdom,"Apr 2, 2004"
694,user_000702,m,,Poland,"Dec 2, 2006"
695,user_000703,f,,United States,"Mar 13, 2006"
696,user_000704,f,,Australia,"Apr 27, 2007"
697,user_000705,f,,India,"Jun 3, 2006"
698,user_000706,f,,Romania,"May 11, 2006"
699,user_000707,,,Norway,"Apr 12, 2005"
700,user_000708,,,,"May 23, 2009"
701,user_000709,m,,Canada,"Oct 2, 2004"
702,user_000710,m,,Estonia,"Apr 24, 2007"
703,user_000711,m,,United States,"Jan 21, 2006"
704,user_000712,m,,Poland,"Mar 4, 2004"
705,user_000713,f,,Norway,"Apr 21, 2005"
706,user_000714,m,,Colombia,"Sep 23, 2006"
707,user_000715,m,,Australia,"May 13, 2007"
708,user_000716,f,,Portugal,"Mar 22, 2007"
709,user_000717,,,,"Jul 13, 2007"
710,user_000718,f,,,"Feb 14, 2006"
711,user_000719,m,,Brazil,"Oct 30, 2005"
712,user_000720,f,,Norway,"Jun 29, 2007"
713,user_000721,m,,Poland,"Apr 7, 2005"
714,user_000722,m,,Turkey,"Apr 17, 2005"
715,user_000723,f,,United States,"Jun 4, 2006"
716,user_000724,m,,United States,"Feb 21, 2005"
717,user_000725,f,,Turkey,"Aug 21, 2007"
718,user_000726,m,,Austria,"Apr 7, 2006"
719,user_000727,f,,United States,"Jul 21, 2005"
720,user_000728,f,,Finland,"Mar 12, 2006"
721,user_000729,m,,Ireland,"Oct 26, 2005"
722,user_000730,m,,Canada,"May 10, 2006"
723,user_000731,m,,Tunisia,"Nov 6, 2005"
724,user_000732,f,,Finland,"Jan 3, 2005"
725,user_000733,m,,United Kingdom,"Sep 29, 2003"
726,user_000734,,,,
727,user_000735,,,Norway,"Dec 11, 2004"
728,user_000736,m,,Lithuania,"Apr 8, 2007"
729,user_000737,m,,Germany,"Jul 7, 2007"
730,user_000738,m,,Belgium,"Aug 20, 2006"
731,user_000739,m,,Australia,"May 25, 2006"
732,user_000740,m,,Italy,"Jan 10, 2007"
733,user_000741,m,,United States,"May 11, 2006"
734,user_000742,m,,Germany,"Jun 10, 2007"
735,user_000743,m,,United Kingdom,"Jul 17, 2005"
736,user_000744,m,,United States,"Jan 21, 2004"
737,user_000745,m,,,"Jan 28, 2005"
738,user_000746,m,,Netherlands,"Oct 29, 2006"
739,user_000747,f,,Poland,"Apr 21, 2006"
740,user_000748,m,,Brazil,"Apr 18, 2006"
741,user_000749,f,,Portugal,"Jul 14, 2006"
742,user_000750,m,,Italy,"Aug 27, 2006"
743,user_000751,m,,United States,"Jun 14, 2005"
744,user_000752,m,,United States,"Sep 17, 2004"
745,user_000753,,,,"Dec 3, 2004"
746,user_000754,m,,United States,"Jul 10, 2006"
747,user_000755,m,,United Kingdom,"Dec 12, 2004"
748,user_000756,m,,United States,"Jul 12, 2006"
749,user_000757,f,,United States,"Mar 30, 2005"
750,user_000758,f,,United States,"Feb 19, 2006"
751,user_000759,f,,Australia,"Feb 26, 2006"
752,user_000760,,,Lithuania,"Mar 12, 2006"
753,user_000761,,,Netherlands,"Nov 30, 2006"
754,user_000762,f,,United Kingdom,"Jul 4, 2005"
755,user_000763,,,,"Sep 25, 2007"
756,user_000764,m,,United Kingdom,"Feb 20, 2005"
757,user_000765,f,,Germany,"Oct 26, 2005"
758,user_000766,f,,Norway,"Sep 6, 2006"
759,user_000767,m,,United States,"Jan 22, 2006"
760,user_000768,m,,Romania,"Jun 4, 2007"
761,user_000769,m,,Japan,"Nov 30, 2005"
762,user_000770,f,,United States,"Oct 18, 2006"
763,user_000771,f,,Chile,"Sep 4, 2006"
764,user_000772,f,,Canada,"May 17, 2007"
765,user_000773,m,,United States,"Dec 9, 2004"
766,user_000774,m,,United States,"Aug 25, 2005"
767,user_000775,m,,Finland,"Oct 9, 2007"
768,user_000776,f,,Italy,"Jan 10, 2007"
769,user_000777,m,,Sweden,"May 24, 2005"
770,user_000778,,,United States,"Jun 5, 2005"
771,user_000779,f,,,"Jul 28, 2004"
772,user_000780,f,,Lithuania,"Jan 2, 2007"
773,user_000781,f,,United States,"Dec 4, 2005"
774,user_000782,f,,United States,"Sep 18, 2004"
775,user_000783,m,,United States,"Feb 13, 2006"
776,user_000784,f,,Netherlands,"Aug 14, 2005"
777,user_000785,,,,"Oct 2, 2007"
778,user_000786,m,,Russian Federation,"Sep 17, 2007"
779,user_000787,f,,United Kingdom,"Feb 23, 2006"
780,user_000788,m,,Germany,"Apr 12, 2005"
781,user_000789,f,,United States,"Mar 28, 2005"
782,user_000790,f,,,"Feb 1, 2006"
783,user_000791,m,,United Kingdom,"Sep 22, 2004"
784,user_000792,m,,,"Jan 30, 2005"
785,user_000793,m,,China,"Apr 26, 2004"
786,user_000794,f,,Iceland,"Mar 26, 2006"
787,user_000795,f,,United States,"Jul 12, 2006"
788,user_000796,f,,Croatia,"Mar 5, 2006"
789,user_000797,f,,Lithuania,"Nov 4, 2006"
790,user_000798,f,,Finland,"Jun 28, 2005"
791,user_000799,m,,Germany,"Sep 26, 2004"
792,user_000800,,,Russian Federation,"Jul 17, 2005"
793,user_000801,,,,"Apr 17, 2007"
794,user_000802,f,,United Kingdom,"Jun 12, 2006"
795,user_000803,m,,Norway,"Dec 9, 2005"
796,user_000804,m,,Norway,"Dec 9, 2005"
797,user_000805,m,,Belgium,"Aug 1, 2006"
798,user_000806,,,,
799,user_000807,m,,United States,"Jul 30, 2004"
800,user_000808,m,,Russian Federation,"Dec 16, 2006"
801,user_000809,m,,Finland,"Jun 8, 2005"
802,user_000810,m,,United Kingdom,"Mar 5, 2006"
803,user_000811,f,,United States,"Dec 6, 2005"
804,user_000812,,,Belgium,"Nov 12, 2006"
805,user_000813,m,,New Zealand,"Jun 16, 2007"
806,user_000814,m,,Germany,"May 20, 2006"
807,user_000815,f,,United Kingdom,"Jul 10, 2006"
808,user_000816,m,,United Kingdom,"Dec 13, 2005"
809,user_000817,m,,Mexico,"Nov 12, 2006"
810,user_000818,m,,Finland,"Jul 9, 2005"
811,user_000819,m,,United Kingdom,"Feb 22, 2005"
812,user_000820,m,,Thailand,"Feb 4, 2005"
813,user_000821,f,,France,"Nov 26, 2005"
814,user_000822,,,,"May 25, 2007"
815,user_000823,,,Norway,"Mar 22, 2007"
816,user_000824,m,,United Kingdom,"Mar 5, 2006"
817,user_000825,m,,United Kingdom,"Dec 15, 2005"
818,user_000826,f,,United States,"Aug 7, 2007"
819,user_000827,m,,Switzerland,"Nov 6, 2005"
820,user_000828,,,Japan,"May 24, 2005"
821,user_000829,m,,Peru,"Feb 27, 2006"
822,user_000830,m,,Ireland,"Dec 6, 2005"
823,user_000831,m,,United Kingdom,"Dec 7, 2005"
824,user_000832,f,,United Kingdom,"Aug 10, 2005"
825,user_000833,f,,United States,"Feb 20, 2005"
826,user_000834,f,,Italy,"Apr 7, 2006"
827,user_000835,f,,Australia,"Jul 1, 2006"
828,user_000836,m,,Norway,"Feb 8, 2006"
829,user_000837,f,,United States,"May 31, 2005"
830,user_000838,f,,United Kingdom,"May 17, 2006"
831,user_000839,m,,Greece,"Feb 7, 2006"
832,user_000840,f,,Russian Federation,"Jan 24, 2006"
833,user_000841,m,,Spain,"Nov 5, 2005"
834,user_000842,m,,United States,"Jul 18, 2005"
835,user_000843,m,,United States,"Feb 25, 2007"
836,user_000844,,,Norway,"Apr 10, 2004"
837,user_000845,f,,Finland,"Jun 5, 2006"
838,user_000846,m,,United Kingdom,"Jan 4, 2007"
839,user_000847,f,,Germany,"Dec 30, 2005"
840,user_000848,f,,Poland,"Sep 12, 2005"
841,user_000849,m,,United Kingdom,"Aug 20, 2006"
842,user_000850,,,,"Jul 25, 2006"
843,user_000851,,,,"Jan 6, 2005"
844,user_000852,f,,Trinidad and Tobago,"Dec 22, 2005"
845,user_000853,f,,Morocco,"Apr 21, 2007"
846,user_000854,f,,Norway,"May 19, 2007"
847,user_000855,,,,"Nov 3, 2006"
848,user_000856,f,,,"May 20, 2004"
849,user_000857,f,,United States,"Jul 27, 2006"
850,user_000858,m,,United States,"Nov 25, 2004"
851,user_000859,m,,Italy,"Jan 9, 2006"
852,user_000860,m,,Turkey,"Apr 1, 2006"
853,user_000861,m,,United States,"Sep 10, 2005"
854,user_000862,f,,Italy,"Feb 10, 2006"
855,user_000863,,,United Kingdom,"Oct 15, 2004"
856,user_000864,m,,Norway,"Dec 10, 2005"
857,user_000865,f,,Croatia,"May 31, 2007"
858,user_000866,f,,United States,"Oct 7, 2005"
859,user_000867,f,,United States,"Feb 7, 2006"
860,user_000868,m,,United States,"Jun 15, 2006"
861,user_000869,m,,France,"May 23, 2007"
862,user_000870,m,,United Kingdom,"Mar 10, 2003"
863,user_000871,,,Argentina,"Feb 3, 2005"
864,user_000872,f,,Brazil,"Jan 31, 2008"
865,user_000873,m,,United Kingdom,"Mar 5, 2004"
866,user_000874,m,,,"Apr 3, 2006"
867,user_000875,f,,Slovakia,"Mar 9, 2006"
868,user_000876,f,,Brazil,"Dec 3, 2006"
869,user_000877,m,,,"Jan 9, 2005"
870,user_000878,f,,United States,"Dec 1, 2005"
871,user_000879,f,,United States,"Dec 31, 2006"
872,user_000880,,,,"Nov 5, 2006"
873,user_000881,m,,United States,"Mar 18, 2006"
874,user_000882,m,,United States,"Apr 29, 2004"
875,user_000883,m,,Spain,"Oct 6, 2005"
876,user_000884,m,,Poland,"May 2, 2007"
877,user_000885,m,,United States,"Jun 8, 2005"
878,user_000886,m,,Finland,"Nov 3, 2006"
879,user_000887,f,,United States,"Feb 14, 2005"
880,user_000888,m,,Norway,"Feb 28, 2005"
881,user_000889,m,,Sweden,"Apr 26, 2006"
882,user_000890,m,,United States,"Dec 6, 2005"
883,user_000891,f,,Italy,"Feb 9, 2007"
884,user_000892,,,United States,"Sep 1, 2006"
885,user_000893,m,,United States,"Mar 29, 2006"
886,user_000894,m,,Colombia,"Dec 2, 2005"
887,user_000895,m,,Canada,"Feb 2, 2006"
888,user_000896,m,,United States,"Apr 2, 2003"
889,user_000897,,,,"Feb 18, 2007"
890,user_000898,m,,United States,"Nov 28, 2003"
891,user_000899,m,,Canada,"Oct 7, 2005"
892,user_000900,f,,Poland,"Mar 17, 2006"
893,user_000901,f,,Argentina,"May 9, 2006"
894,user_000902,f,,,"Feb 3, 2006"
895,user_000903,m,,Belgium,"Dec 18, 2006"
896,user_000904,m,,United States,"Dec 15, 2006"
897,user_000905,m,,Brazil,"Apr 18, 2006"
898,user_000906,m,,Germany,"Jan 12, 2006"
899,user_000907,f,,Poland,"Jan 26, 2007"
900,user_000908,m,,Germany,"Apr 5, 2005"
901,user_000909,m,,Sweden,"Apr 29, 2005"
902,user_000910,m,,United States,"Sep 26, 2004"
903,user_000911,m,,United States,"Jul 9, 2005"
904,user_000912,m,,United Kingdom,"Jan 8, 2006"
905,user_000913,m,,United States,"Aug 26, 2004"
906,user_000914,,,United States,"Jan 29, 2005"
907,user_000915,,,Finland,"Dec 15, 2004"
908,user_000916,f,,Trinidad and Tobago,"Mar 7, 2006"
909,user_000917,m,,United States,"Mar 14, 2006"
910,user_000918,m,,,"May 15, 2006"
911,user_000919,m,,United States,"May 31, 2007"
912,user_000920,f,,United States,"Sep 14, 2005"
913,user_000921,m,,Russian Federation,"May 23, 2006"
914,user_000922,m,,United Kingdom,"May 21, 2004"
915,user_000923,m,,United Kingdom,"Jan 28, 2005"
916,user_000924,f,,United States,"May 30, 2005"
917,user_000925,f,,Norway,"Mar 6, 2006"
918,user_000926,f,,Turkey,"Sep 27, 2006"
919,user_000927,m,,Poland,"Aug 29, 2006"
920,user_000928,m,,United States,"Aug 11, 2005"
921,user_000929,m,,Turkey,"Nov 21, 2004"
922,user_000930,f,,,"Jun 14, 2007"
923,user_000931,m,,Italy,"Feb 19, 2007"
924,user_000932,f,,Poland,"Jun 2, 2007"
925,user_000933,m,,Turkey,"May 3, 2006"
926,user_000934,m,,Northern Mariana Islands,"May 13, 2006"
927,user_000935,f,,Finland,"Oct 24, 2004"
928,user_000936,f,,Finland,"Jul 3, 2005"
929,user_000937,f,,United Kingdom,"Jun 30, 2007"
930,user_000938,m,,United States,"Sep 29, 2004"
931,user_000939,f,,Canada,"Dec 19, 2005"
932,user_000940,m,,United Kingdom,"Jan 4, 2007"
933,user_000941,m,,Spain,"Dec 16, 2006"
934,user_000942,m,,Germany,"Sep 5, 2004"
935,user_000943,m,,Sweden,"Oct 9, 2005"
936,user_000944,m,,Ireland,"Jul 18, 2006"
937,user_000945,f,,United Kingdom,"May 27, 2006"
938,user_000946,,,Netherlands,"Apr 11, 2006"
939,user_000947,m,,Australia,"Sep 18, 2006"
940,user_000948,m,,United States,"Apr 23, 2006"
941,user_000949,f,,United States,"May 30, 2005"
942,user_000950,,,Chile,"Jan 13, 2007"
943,user_000951,f,,Netherlands,"Feb 28, 2006"
944,user_000952,f,,Estonia,"May 31, 2006"
945,user_000953,m,,United Kingdom,"Aug 15, 2007"
946,user_000954,m,,Germany,"Dec 4, 2005"
947,user_000955,f,,France,"Jun 8, 2006"
948,user_000956,f,,Poland,"Sep 25, 2007"
949,user_000957,m,,Finland,"Mar 29, 2005"
950,user_000958,m,,Mexico,"Aug 26, 2005"
951,user_000959,m,,United States,"Jun 3, 2006"
952,user_000960,m,,United States,"Jul 9, 2007"
953,user_000961,m,,United States,"Apr 7, 2003"
954,user_000962,m,,United States,"Apr 3, 2004"
955,user_000963,,,,"Apr 19, 2004"
956,user_000964,m,,China,"Oct 27, 2006"
957,user_000965,m,,Netherlands,"Jul 20, 2007"
958,user_000966,,,United States,"May 20, 2004"
959,user_000967,f,,Bosnia and Herzegovina,"Jan 12, 2006"
960,user_000968,m,,Germany,"Nov 8, 2005"
961,user_000969,m,,Russian Federation,"Dec 18, 2006"
962,user_000970,m,,New Zealand,"Feb 6, 2006"
963,user_000971,f,,United States,"Jan 12, 2005"
964,user_000972,f,,Russian Federation,"Nov 13, 2006"
965,user_000973,m,,Russian Federation,"Feb 23, 2007"
966,user_000974,f,,United States,"Apr 29, 2006"
967,user_000975,,,,"Mar 23, 2006"
968,user_000976,,,,
969,user_000977,m,,United Kingdom,"Mar 7, 2006"
970,user_000978,m,,Turkey,"Aug 24, 2005"
971,user_000979,f,,Turkey,"Apr 25, 2007"
972,user_000980,f,,United Kingdom,"Jun 16, 2007"
973,user_000981,f,,Croatia,"Mar 29, 2006"
974,user_000982,f,,Turkey,"Oct 28, 2006"
975,user_000983,f,,Canada,"Nov 5, 2004"
976,user_000984,f,,United States,"Jul 2, 2005"
977,user_000985,f,,Australia,"May 22, 2006"
978,user_000986,m,,Sweden,"Apr 12, 2005"
979,user_000987,f,,United States,"Oct 30, 2006"
980,user_000989,f,,Canada,"Nov 30, 2005"
981,user_000990,f,,Bulgaria,"Sep 15, 2005"
982,user_000991,f,,Finland,"Jan 29, 2006"
983,user_000992,m,,Sweden,"Nov 22, 2006"
984,user_000993,m,,Finland,"Sep 6, 2006"
985,user_000994,m,,,"Apr 18, 2006"
986,user_000995,f,,Australia,"Jan 22, 2006"
987,user_000996,f,,United States,"Jul 17, 2006"
988,user_000997,m,,United States,"Jan 5, 2007"
989,user_000998,m,,United Kingdom,"Sep 28, 2005"
990,user_000999,f,,Poland,"Jul 24, 2007"
991,user_001000,m,,United States,"Mar 24, 2007"
